<?xml version="1.0" encoding="UTF-8"?>
<beans xmlns="http://www.springframework.org/schema/beans"
       xmlns:xsi="http://www.w3.org/2001/XMLSchema-instance"
       xmlns:context="http://www.springframework.org/schema/context"
       xmlns:tx="http://www.springframework.org/schema/tx"
       xmlns:aop="http://www.springframework.org/schema/aop"
       xsi:schemaLocation="http://www.springframework.org/schema/beans
          http://www.springframework.org/schema/beans/spring-beans.xsd
          http://www.springframework.org/schema/mvc
          http://www.springframework.org/schema/mvc/spring-mvc.xsd
          http://www.springframework.org/schema/tx
          http://www.springframework.org/schema/tx/spring-tx-3.0.xsd
          http://www.springframework.org/schema/context
          http://www.springframework.org/schema/context/spring-context.xsd
          http://www.springframework.org/schema/aop  
          http://www.springframework.org/schema/aop/spring-aop-3.2.xsd">

    <!-- Bean definitions go here -->
    <bean id= "UserIO" class="com.sg.flooring.ui.UserIOConsole"></bean> 
    <bean id="View" class ="com.sg.flooring.ui.View">
        <constructor-arg ref ="UserIO"/>
    </bean>
   <bean id="OrderDao" class="com.sg.flooring.dao.OrderDAOProdFileImpl"/>
<bean id="ProductDAO" class="com.sg.flooring.dao.ProductDAOFileImpl"/>
<bean id="TaxDAO" class="com.sg.flooring.dao.TaxDAOFIleImpl"/>
<bean id="FlooringAuditDao" class="com.sg.flooring.dao.FlooringAuditFileImpl"/>
<bean id="serviceLayer" class="com.sg.flooring.service.ServiceLayerImpl">
<constructor-arg ref="FlooringAuditDao"/>
<constructor-arg ref="OrderDao"/>
<constructor-arg ref="ProductDAO"/>
<constructor-arg ref = "TaxDAO"/>
</bean>

<bean id="controller" class="com.sg.flooring.controller.FlooringController">
<constructor-arg ref="serviceLayer"/>
<constructor-arg ref="View"/>
</bean>

<bean id="loggingAdvice" class="com.sg.flooring.advice.LoggingAdvice">
    <constructor-arg ref="FlooringAuditDao"/>
</bean>

<aop:config>
    <aop:aspect ref="loggingAdvice">
        <aop:after-returning method="createAuditEntry"
        pointcut="execution(* com.sg.flooring.service.ServiceLayer.createOrder())"/>
    </aop:aspect>
</aop:config>
      
</beans>
